timestamp,datetime_utc,total_flights,unique_routes,countries,airports,airlines,avg_duration_min,total_distance_km,total_co2_tonnes,avg_distance_km
1774763390,2026-03-29 05:49:50,434,393,55,100,50,76,307551.7,5305.27,866
1774765174,2026-03-29 06:19:34,1375,1161,72,100,50,77,997333.4,17204.0,868
1774767787,2026-03-29 07:03:07,1417,1187,75,100,50,77,1031914.7,17800.53,869
1774770460,2026-03-29 07:47:40,1473,1221,75,100,50,78,1082022.7,18664.89,873
1774773230,2026-03-29 08:33:50,1531,1264,80,100,50,79,1169395.2,20172.07,903
1774776182,2026-03-29 09:23:02,1574,1290,81,100,50,80,1216573.7,20985.9,913
1774778660,2026-03-29 10:04:20,1623,1326,82,100,50,82,1284380.1,22155.56,931
1774780798,2026-03-29 10:39:58,1676,1361,84,100,50,82,1354916.5,23372.31,948
1774783385,2026-03-29 11:23:05,1734,1401,85,100,50,83,1407138.4,24273.14,948
1774784658,2026-03-29 11:44:18,1766,1426,85,100,50,82,1436880.2,24786.18,948
1774787017,2026-03-29 12:23:37,1862,1493,86,100,50,83,1525333.7,26312.01,950
1774791771,2026-03-29 13:42:51,1946,1550,87,100,50,83,1588119.1,27395.05,948
1774794714,2026-03-29 14:31:54,2045,1617,88,100,50,82,1638621.6,28266.22,932
1774796516,2026-03-29 15:01:56,2117,1669,89,100,50,82,1691106.6,29171.59,929
1774798585,2026-03-29 15:36:25,2216,1737,89,100,50,81,1755539.4,30283.05,922
1774800326,2026-03-29 16:05:26,2315,1806,90,100,50,80,1809098.9,31206.96,910
1774802967,2026-03-29 16:49:27,2432,1891,92,100,50,80,1897639.2,32734.28,910
1774805576,2026-03-29 17:32:56,2564,1977,92,100,50,80,1993249.2,34383.55,908
1774807808,2026-03-29 18:10:08,2685,2063,93,100,50,80,2084485.0,35957.37,907
1774810527,2026-03-29 18:55:27,2828,2157,93,100,50,80,2194068.9,37847.69,906
1774812196,2026-03-29 19:23:16,2953,2248,93,100,50,80,2269506.5,39148.99,900
1774814520,2026-03-29 20:02:00,3050,2318,95,100,50,79,2333099.8,40245.97,898
1774816520,2026-03-29 20:35:20,3166,2407,95,100,50,79,2421612.9,41772.82,898
1774818691,2026-03-29 21:11:31,3259,2473,96,100,50,80,2508579.4,43273.0,904
1774820423,2026-03-29 21:40:23,3333,2519,96,100,50,80,2554823.5,44070.7,900
1774823353,2026-03-29 22:29:13,3427,2575,98,100,50,80,2627302.6,45320.97,903
1774825175,2026-03-29 22:59:35,3504,2627,98,100,50,80,2676887.2,46176.3,901
1774827108,2026-03-29 23:31:48,3585,2669,99,100,50,79,2726294.3,47028.58,897
1774834090,2026-03-30 01:28:10,3711,2738,99,100,50,79,2788700.9,48105.09,887
1774844426,2026-03-30 04:20:26,3787,2780,99,100,50,79,2837455.7,48946.11,884
1774850579,2026-03-30 06:02:59,3856,2816,99,100,50,78,2872932.6,49558.09,879
1774857124,2026-03-30 07:52:04,3951,2865,101,100,50,79,2995942.0,51680.0,893
1774862755,2026-03-30 09:25:55,4027,2907,102,100,50,80,3098850.1,53455.16,904
1774865650,2026-03-30 10:14:10,4096,2942,102,100,50,80,3159939.2,54508.95,906
1774870198,2026-03-30 11:29:58,4174,2991,102,100,50,80,3215988.4,55475.8,903
1774873461,2026-03-30 12:24:21,4276,3042,102,100,50,79,3282062.3,56615.57,898
1774879803,2026-03-30 14:10:03,4419,3134,102,100,50,79,3351959.3,57821.3,889
1774884951,2026-03-30 15:35:51,4583,3246,102,100,50,78,3431953.7,59201.2,880
1774887832,2026-03-30 16:23:52,4735,3333,102,100,50,77,3515042.9,60634.49,874
1774891472,2026-03-30 17:24:32,4904,3433,102,100,50,77,3619404.3,62434.72,871
1774895124,2026-03-30 18:25:24,5055,3519,102,100,50,77,3707169.0,63948.67,867
1774898328,2026-03-30 19:18:48,5206,3601,102,100,50,76,3797196.6,65501.64,863
1774901841,2026-03-30 20:17:21,5325,3666,102,100,50,77,3916454.3,67558.84,871
1774904690,2026-03-30 21:04:50,5445,3739,103,100,50,77,3999513.8,68991.61,872
1774907356,2026-03-30 21:49:16,5545,3788,103,100,50,76,4051228.2,69883.69,868
1774910243,2026-03-30 22:37:23,5649,3849,103,100,50,77,4153566.8,71649.03,875
1774912727,2026-03-30 23:18:47,5733,3892,103,100,50,76,4207846.8,72585.36,874
1774914464,2026-03-30 23:47:44,5808,3924,103,100,50,76,4250724.4,73325.0,872
1774926680,2026-03-31 03:11:20,5902,3972,103,100,50,77,4314588.1,74426.65,871
1774933658,2026-03-31 05:07:38,5978,4006,104,100,50,77,4374876.0,75466.61,872
1774939231,2026-03-31 06:40:31,6036,4037,104,100,50,77,4402352.4,75940.58,870
1774943212,2026-03-31 07:46:52,6146,4081,105,100,50,76,4482794.4,77328.2,868
1774946859,2026-03-31 08:47:39,6229,4124,105,100,50,76,4559091.0,78644.32,870
1774950790,2026-03-31 09:53:10,6299,4144,105,100,50,77,4624762.7,79777.16,872
1774954868,2026-03-31 11:01:08,6368,4178,105,100,50,77,4691024.6,80920.17,874
1774957754,2026-03-31 11:49:14,6433,4211,105,100,50,77,4753459.7,81997.18,877
1774964985,2026-03-31 13:49:45,6557,4279,105,100,50,77,4824868.9,83228.99,874
1774969497,2026-03-31 15:04:57,6706,4371,105,100,50,77,4915131.8,84786.02,870
1774973168,2026-03-31 16:06:08,6828,4444,105,100,50,76,4988833.2,86057.37,868
1774977338,2026-03-31 17:15:38,6992,4526,106,100,50,76,5100499.6,87983.62,867
1774980917,2026-03-31 18:15:17,7149,4620,106,100,50,76,5186624.7,89469.28,863
1774984709,2026-03-31 19:18:29,7308,4716,106,100,50,76,5292448.3,91294.73,861
1774987602,2026-03-31 20:06:42,7423,4777,106,100,50,75,5359665.5,92454.23,860
1774990135,2026-03-31 20:48:55,7522,4831,106,100,50,75,5428946.0,93649.32,860
1774993157,2026-03-31 21:39:17,7624,4884,107,100,50,75,5481596.0,94557.53,857
1774995306,2026-03-31 22:15:06,7701,4923,107,100,50,75,5515727.8,95146.3,855
1774997372,2026-03-31 22:49:32,7750,4941,107,100,50,75,5539523.7,95556.78,853
1775000137,2026-03-31 23:35:37,7858,4986,107,100,50,75,5601683.3,96629.04,851
1775005033,2026-04-01 00:57:13,7977,5042,107,100,50,74,5647780.7,97424.22,846
1775016316,2026-04-01 04:05:16,8064,5069,107,100,50,74,5721734.6,98699.92,848
1775023057,2026-04-01 05:57:37,8136,5089,107,100,50,74,5762939.0,99410.7,847
1775028135,2026-04-01 07:22:15,8232,5126,107,100,50,74,5811791.7,100253.41,843
1775033519,2026-04-01 08:51:59,8306,5152,107,100,50,74,5854489.7,100989.95,842
1775037494,2026-04-01 09:58:14,8401,5194,107,100,50,74,5928334.4,102263.77,842
1775039605,2026-04-01 10:33:25,8499,5238,107,100,50,74,6003794.6,103565.46,842
1775043567,2026-04-01 11:39:27,8592,5277,107,100,50,74,6077261.2,104832.76,842
1775051186,2026-04-01 13:46:26,8726,5334,107,100,50,74,6181094.8,106623.89,844
1775056914,2026-04-01 15:21:54,8898,5420,107,100,50,74,6251423.2,107837.05,838
1775060775,2026-04-01 16:26:15,9039,5490,108,100,50,74,6342650.0,109410.71,838
1775063947,2026-04-01 17:19:07,9188,5566,109,100,50,74,6450090.2,111264.06,838
1775067929,2026-04-01 18:25:29,9351,5639,109,100,50,74,6540408.8,112822.05,836
1775071999,2026-04-01 19:33:19,9495,5710,111,100,50,74,6620713.4,114207.31,834
1775074717,2026-04-01 20:18:37,9613,5772,111,100,50,74,6711744.1,115777.59,835
1775077302,2026-04-01 21:01:42,9742,5842,111,100,50,74,6822117.8,117681.53,837
1775080017,2026-04-01 21:46:57,9823,5877,111,100,50,74,6880729.6,118692.59,838
1775083124,2026-04-01 22:38:44,9928,5935,111,100,50,74,6984184.7,120477.19,842
1775086070,2026-04-01 23:27:50,10014,5971,111,100,50,74,7061314.7,121807.68,844
1775086912,2026-04-01 23:41:52,10073,5999,111,100,50,74,7093464.5,122362.26,842
1775098803,2026-04-02 03:00:03,10160,6029,111,100,50,74,7142391.3,123206.25,841
1775106282,2026-04-02 05:04:42,10236,6050,111,100,50,74,7229936.3,124716.4,845
1775111071,2026-04-02 06:24:31,10306,6075,111,100,50,75,7304191.2,125997.3,847
1775115673,2026-04-02 07:41:13,10401,6106,111,100,50,75,7411895.9,127855.2,851
1775119557,2026-04-02 08:45:57,10482,6144,111,100,50,75,7512914.9,129597.78,855
1775123823,2026-04-02 09:57:03,10595,6198,111,100,50,75,7605119.5,131188.31,856
1775126653,2026-04-02 10:44:13,10685,6228,111,100,50,75,7665785.5,132234.8,855
1775130003,2026-04-02 11:40:03,10761,6260,111,100,50,75,7740793.0,133528.68,857
1775136623,2026-04-02 13:30:23,10882,6307,111,100,50,75,7830064.3,135068.61,857
1775139985,2026-04-02 14:26:25,11002,6368,111,100,50,75,7904887.0,136359.3,856
1775143291,2026-04-02 15:21:31,11164,6457,111,100,50,75,8016265.6,138280.58,855
1775147301,2026-04-02 16:28:21,11328,6542,111,100,50,75,8109883.1,139895.48,853
1775150619,2026-04-02 17:23:39,11489,6622,111,100,50,75,8196755.2,141394.03,851
1775154052,2026-04-02 18:20:52,11643,6687,111,100,50,75,8318795.0,143499.21,853
1775157459,2026-04-02 19:17:39,11806,6775,111,100,50,75,8452629.6,145807.86,854
1775159587,2026-04-02 19:53:07,11889,6818,111,100,50,75,8501906.5,146657.89,853
1775162329,2026-04-02 20:38:49,12022,6896,111,100,50,75,8636179.4,148974.09,857
1775164798,2026-04-02 21:19:58,12123,6946,111,100,50,75,8716714.4,150363.32,858
1775166393,2026-04-02 21:46:33,12205,6986,111,100,50,75,8781288.4,151477.23,859
1775169480,2026-04-02 22:38:00,12310,7039,111,100,50,75,8873474.6,153067.44,860
1775171298,2026-04-02 23:08:18,12389,7080,111,100,50,75,8960817.0,154574.09,863
1775173571,2026-04-02 23:46:11,12473,7123,111,100,50,75,9016887.6,155541.31,863
1775184075,2026-04-03 02:41:15,12567,7161,111,100,50,76,9089192.9,156788.58,863
1775190334,2026-04-03 04:25:34,12628,7178,111,100,50,75,9126731.9,157436.13,862
1775197058,2026-04-03 06:17:38,12705,7203,111,100,50,75,9169320.7,158170.78,860
1775200807,2026-04-03 07:20:07,12777,7222,111,100,50,75,9209249.2,158859.55,859
1775203681,2026-04-03 08:08:01,12836,7237,111,100,50,75,9251027.3,159580.22,859
1775207905,2026-04-03 09:18:25,12915,7273,111,100,50,75,9306503.7,160537.19,858
1775210530,2026-04-03 10:02:10,12988,7293,111,100,50,75,9362939.0,161510.7,858
1775214134,2026-04-03 11:02:14,13058,7320,111,100,50,75,9418864.0,162475.4,858
1775216775,2026-04-03 11:46:15,13111,7343,111,100,50,75,9462234.0,163223.54,858
1775221264,2026-04-03 13:01:04,13197,7372,111,100,50,75,9515866.5,164148.7,857
1775223608,2026-04-03 13:40:08,13285,7408,111,100,50,75,9581945.1,165288.55,857
1775227852,2026-04-03 14:50:52,13390,7454,111,100,50,75,9642697.8,166336.54,856
1775230352,2026-04-03 15:32:32,13515,7520,111,100,50,75,9735248.5,167933.04,857
1775232740,2026-04-03 16:12:20,13624,7570,112,100,50,75,9808021.2,169188.37,856
1775234904,2026-04-03 16:48:24,13722,7625,112,100,50,75,9872534.9,170301.23,855
1775237832,2026-04-03 17:37:12,13847,7682,112,100,50,75,9964692.4,171890.94,855
1775240879,2026-04-03 18:27:59,14009,7752,112,100,50,75,10076665.8,173822.49,855
1775243813,2026-04-03 19:16:53,14143,7802,112,100,50,75,10149959.5,175086.8,853
1775245711,2026-04-03 19:48:31,14232,7843,112,100,50,75,10210786.5,176136.07,853
1775248801,2026-04-03 20:40:01,14346,7900,112,100,50,75,10288843.2,177482.54,853
1775250626,2026-04-03 21:10:26,14436,7946,112,100,50,75,10353527.9,178598.36,853
1775252628,2026-04-03 21:43:48,14519,7978,112,100,50,75,10411352.3,179595.83,853
1775255508,2026-04-03 22:31:48,14622,8019,112,100,50,75,10487969.7,180917.48,853
1775257312,2026-04-03 23:01:52,14700,8052,112,100,50,75,10537482.3,181771.57,853
1775259368,2026-04-03 23:36:08,14774,8081,112,100,50,75,10575495.3,182427.29,851
1775268108,2026-04-04 02:01:48,14870,8120,112,100,50,75,10635482.3,183462.07,850
1775275562,2026-04-04 04:06:02,14936,8136,112,100,50,75,10700787.3,184588.58,852
1775279544,2026-04-04 05:12:24,14978,8148,112,100,50,75,10734661.3,185172.91,852
1775284268,2026-04-04 06:31:08,15032,8166,112,100,50,75,10783426.6,186014.11,853
1775287370,2026-04-04 07:22:50,15094,8185,112,100,50,75,10835115.2,186905.74,853
1775290193,2026-04-04 08:09:53,15146,8199,112,100,50,75,10881928.7,187713.27,853
1775291192,2026-04-04 08:26:32,15200,8217,112,100,50,75,10915479.6,188292.02,853
1775294560,2026-04-04 09:22:40,15257,8237,112,100,50,75,10972936.2,189283.15,854
1775296821,2026-04-04 10:00:21,15316,8259,112,100,50,75,11021549.8,190121.73,854
1775299907,2026-04-04 10:51:47,15373,8279,112,100,50,75,11071910.3,190990.45,854
1775301820,2026-04-04 11:23:40,15437,8305,112,100,50,75,11123256.5,191876.17,855
1775301820,2026-04-04 11:23:40,15471,8325,112,100,50,75,11153445.6,192396.94,855
1775306770,2026-04-04 12:46:10,15563,8358,112,100,50,75,11207508.3,193329.52,854
1775310144,2026-04-04 13:42:24,15650,8388,112,100,50,75,11277634.4,194539.19,854
1775313348,2026-04-04 14:35:48,15746,8420,112,100,50,75,11340542.9,195624.36,854
1775315148,2026-04-04 15:05:48,15830,8458,112,100,50,75,11394760.4,196559.62,853
1775316905,2026-04-04 15:35:05,15931,8506,112,100,50,75,11463495.3,197745.29,853
1775319075,2026-04-04 16:11:15,16025,8551,112,100,50,75,11510816.4,198561.58,851
1775321041,2026-04-04 16:44:01,16129,8592,113,100,50,74,11582871.8,199804.54,851
1775323992,2026-04-04 17:33:12,16255,8645,113,100,50,75,11684700.5,201561.08,852
1775326213,2026-04-04 18:10:13,16345,8686,113,100,50,75,11760983.0,202876.96,853
1775328476,2026-04-04 18:47:56,16470,8736,113,100,50,75,11852264.4,204451.56,853
1775330920,2026-04-04 19:28:40,16598,8781,113,100,50,75,11967706.5,206442.94,855
1775331834,2026-04-04 19:43:54,16654,8801,113,100,50,75,12012302.5,207212.22,855
1775334979,2026-04-04 20:36:19,16783,8854,113,100,50,75,12143890.3,209482.11,858
1775336032,2026-04-04 20:53:52,16844,8881,113,100,50,75,12195881.7,210378.96,858
1775338517,2026-04-04 21:35:17,16912,8901,113,100,50,75,12241766.9,211170.48,858
1775340241,2026-04-04 22:04:01,16967,8920,113,100,50,75,12295924.3,212104.69,859
1775342129,2026-04-04 22:35:29,17039,8954,113,100,50,75,12354075.6,213107.8,860
1775344322,2026-04-04 23:12:02,17088,8977,113,100,50,75,12397671.5,213859.83,860
1775346219,2026-04-04 23:43:39,17142,8992,113,100,50,75,12438803.5,214569.36,860
1775357887,2026-04-05 02:58:07,17204,9007,113,100,50,75,12469132.4,215092.53,859
1775365897,2026-04-05 05:11:37,17265,9022,113,100,50,75,12550207.5,216491.08,861
1775369754,2026-04-05 06:15:54,17335,9038,113,100,50,76,12621885.4,217727.52,863
1775373393,2026-04-05 07:16:33,17396,9060,113,100,50,76,12676375.5,218667.48,863
1775375977,2026-04-05 07:59:37,17455,9081,114,100,50,76,12716634.2,219361.94,863
1775379208,2026-04-05 08:53:28,17529,9101,114,100,50,76,12796913.7,220746.76,864
1775379933,2026-04-05 09:05:33,17584,9112,114,100,50,76,12872350.4,222048.04,866
1775384545,2026-04-05 10:22:25,17647,9134,114,100,50,76,12934239.9,223115.64,867
1775386157,2026-04-05 10:49:17,17698,9149,114,100,50,76,12994338.7,224152.34,869
1775389005,2026-04-05 11:36:45,17740,9157,114,100,50,76,13031597.8,224795.06,869
1775390155,2026-04-05 11:55:55,17794,9171,114,100,50,76,13088336.5,225773.8,870
1775395219,2026-04-05 13:20:19,17889,9204,114,100,50,76,13166556.2,227123.09,870
1775397267,2026-04-05 13:54:27,17980,9241,114,100,50,76,13230257.4,228221.94,870
1775399715,2026-04-05 14:35:15,18043,9258,114,100,50,76,13269624.8,228901.03,869
1775402990,2026-04-05 15:29:50,18144,9296,114,100,50,76,13332526.9,229986.09,868
1775405051,2026-04-05 16:04:11,18243,9324,115,100,50,76,13392763.5,231025.17,867
1775405051,2026-04-05 16:04:11,18243,9324,115,100,50,76,13392763.5,231025.17,867
1775409494,2026-04-05 17:18:14,18397,9386,115,100,50,76,13501481.0,232900.55,868
1775411314,2026-04-05 17:48:34,18474,9415,115,100,50,76,13557853.6,233872.97,868
1775414851,2026-04-05 18:47:31,18630,9478,115,100,50,76,13676815.1,235925.06,867
1775416538,2026-04-05 19:15:38,18741,9528,115,100,50,76,13751819.9,237218.89,867
1775419338,2026-04-05 20:02:18,18830,9567,115,100,50,76,13827895.4,238531.2,868
1775421250,2026-04-05 20:34:10,18929,9603,115,100,50,76,13893360.9,239660.47,867
1775423704,2026-04-05 21:15:04,19018,9637,115,100,50,76,13959122.7,240794.87,867
1775425636,2026-04-05 21:47:16,19085,9661,115,100,50,76,13999269.6,241487.4,867
1775425636,2026-04-05 21:47:16,19085,9661,115,100,50,76,13999269.6,241487.4,867
1775430187,2026-04-05 23:03:07,19206,9730,115,100,50,76,14069806.9,242704.17,866
1775432248,2026-04-05 23:37:28,19293,9765,115,100,50,76,14124537.1,243648.26,866
1775441688,2026-04-06 02:14:48,19374,9793,115,100,50,76,14169811.7,244429.25,865
1775441688,2026-04-06 02:14:48,19374,9793,115,100,50,76,14169811.7,244429.25,865
1775457302,2026-04-06 06:35:02,19453,9812,115,100,50,76,14222239.9,245333.64,864
1775463643,2026-04-06 08:20:43,19521,9831,115,100,50,76,14280882.8,246345.23,865
1775468593,2026-04-06 09:43:13,19612,9866,115,100,50,76,14335282.9,247283.63,864
1775472137,2026-04-06 10:42:17,19685,9882,115,100,50,76,14398224.9,248369.38,864
1775474461,2026-04-06 11:21:01,19755,9906,116,100,50,76,14455103.0,249350.53,864
1775480751,2026-04-06 13:05:51,19855,9944,116,100,50,76,14523280.1,250526.58,864
1775480751,2026-04-06 13:05:51,19855,9944,116,100,50,76,14523280.1,250526.58,864
1775486824,2026-04-06 14:47:04,20013,10030,116,100,50,76,14608938.3,252004.19,863
1775490540,2026-04-06 15:49:00,20168,10098,116,100,50,76,14698639.6,253551.53,862
1775490540,2026-04-06 15:49:00,20168,10098,116,100,50,76,14698639.6,253551.53,862
1775490540,2026-04-06 15:49:00,20168,10098,116,100,50,76,14698639.6,253551.53,862
1775502057,2026-04-06 19:00:57,20387,10192,116,100,50,76,14843103.2,256043.53,862
1775504184,2026-04-06 19:36:24,20531,10263,116,100,50,76,14936136.1,257648.35,861
1775506472,2026-04-06 20:14:32,20669,10324,116,100,50,76,15029618.0,259260.91,860
1775510459,2026-04-06 21:20:59,20793,10379,116,100,50,76,15118821.5,260799.67,861
1775512179,2026-04-06 21:49:39,20885,10418,116,100,50,76,15181698.0,261884.29,860
1775514753,2026-04-06 22:32:33,21006,10471,116,100,50,76,15262329.1,263275.18,860
1775517489,2026-04-06 23:18:09,21094,10512,116,100,50,76,15316553.7,264210.55,860
1775518910,2026-04-06 23:41:50,21173,10533,116,100,50,76,15367831.2,265095.09,859
1775518910,2026-04-06 23:41:50,21173,10533,116,100,50,76,15367831.2,265095.09,859
1775537766,2026-04-07 04:56:06,21237,10553,116,100,50,76,15408055.0,265788.95,859
1775543537,2026-04-07 06:32:17,21321,10583,116,100,50,76,15460483.0,266693.33,858
1775547945,2026-04-07 07:45:45,21414,10607,116,100,50,76,15524724.8,267801.5,858
1775552840,2026-04-07 09:07:20,21522,10651,116,100,50,76,15606182.9,269206.65,858
1775557676,2026-04-07 10:27:56,21614,10684,117,100,50,76,15665473.8,270229.42,857
1775561232,2026-04-07 11:27:12,21716,10721,118,100,50,76,15730720.0,271354.92,857
1775564711,2026-04-07 12:25:11,21811,10764,118,100,50,76,15798706.0,272527.68,856
1775564711,2026-04-07 12:25:11,21811,10764,118,100,50,76,15798706.0,272527.68,856
1775564711,2026-04-07 12:25:11,21811,10764,118,100,50,76,15798706.0,272527.68,856
1775564711,2026-04-07 12:25:11,21811,10764,118,100,50,76,15798706.0,272527.68,856
1775582721,2026-04-07 17:25:21,21858,10791,118,100,50,75,15803508.2,272610.52,856
1775582721,2026-04-07 17:25:21,21858,10791,118,100,50,75,15803508.2,272610.52,856
1775590416,2026-04-07 19:33:36,22045,10869,118,100,50,75,15874852.4,273841.2,853
1775590416,2026-04-07 19:33:36,22045,10869,118,100,50,75,15874852.4,273841.2,853
1775590416,2026-04-07 19:33:36,22045,10869,118,100,50,75,15874852.4,273841.2,853
1775598538,2026-04-07 21:48:58,22203,10952,118,100,50,75,15963314.0,275367.17,852
1775601872,2026-04-07 22:44:32,22329,11009,118,100,50,75,16041987.3,276724.28,852
1775604501,2026-04-07 23:28:21,22424,11044,118,100,50,75,16091719.5,277582.16,851
1775609545,2026-04-08 00:52:25,22526,11081,118,100,50,75,16131938.5,278275.94,849
1775620238,2026-04-08 03:50:38,22623,11115,119,100,50,75,16205790.0,279549.88,850
1775627171,2026-04-08 05:46:11,22708,11142,119,100,50,75,16266943.5,280604.78,850
1775632995,2026-04-08 07:23:15,22817,11168,119,100,50,75,16351723.4,282067.23,850
1775637238,2026-04-08 08:33:58,22902,11196,119,100,50,75,16450933.9,283778.61,851
1775641090,2026-04-08 09:38:10,22989,11225,119,100,50,75,16524957.5,285055.52,852
1775644393,2026-04-08 10:33:13,23100,11257,119,100,50,75,16630965.7,286884.16,853
1775648682,2026-04-08 11:44:42,23198,11281,119,100,50,75,16702846.5,288124.1,853
1775655260,2026-04-08 13:34:20,23349,11352,119,100,50,75,16804195.6,289872.37,853
1775661062,2026-04-08 15:11:02,23528,11433,119,100,50,75,16910590.4,291707.68,852
1775661062,2026-04-08 15:11:02,23528,11433,119,100,50,75,16910590.4,291707.68,852
1775661062,2026-04-08 15:11:02,23528,11433,119,100,50,75,16910590.4,291707.68,852
1775673853,2026-04-08 18:44:13,23728,11522,119,100,50,75,17012479.1,293465.26,850
1775673853,2026-04-08 18:44:13,23728,11522,119,100,50,75,17012479.1,293465.26,850
1775680958,2026-04-08 20:42:38,23918,11605,119,100,50,75,17150951.6,295853.91,851
1775684392,2026-04-08 21:39:52,24057,11671,119,100,50,75,17246630.2,297504.37,851
1775686973,2026-04-08 22:22:53,24176,11723,119,100,50,75,17325546.6,298865.68,851
1775689149,2026-04-08 22:59:09,24271,11756,119,100,50,75,17397880.7,300113.44,852
1775691928,2026-04-08 23:45:28,24361,11786,119,100,50,75,17456044.0,301116.76,851
1775704055,2026-04-09 03:07:35,24471,11809,119,100,50,75,17518355.5,302191.63,851
1775710984,2026-04-09 05:03:04,24548,11832,119,100,50,75,17601846.7,303631.86,852
1775710984,2026-04-09 05:03:04,24548,11832,119,100,50,75,17601846.7,303631.86,852
1775721457,2026-04-09 07:57:37,24658,11870,119,100,50,75,17687155.8,305103.44,852
1775727027,2026-04-09 09:30:27,24770,11915,119,100,50,75,17815982.3,307325.69,854
1775727027,2026-04-09 09:30:27,24770,11915,119,100,50,75,17815982.3,307325.69,854
1775734351,2026-04-09 11:32:31,24874,11950,119,100,50,75,17915693.3,309045.71,855
1775738316,2026-04-09 12:38:36,24965,11982,119,100,50,75,17992350.9,310368.05,855
1775744808,2026-04-09 14:26:48,25123,12049,119,100,50,75,18065071.5,311622.48,854
1775744808,2026-04-09 14:26:48,25123,12049,119,100,50,75,18065071.5,311622.48,854
1775755151,2026-04-09 17:19:11,25334,12134,119,100,50,75,18171626.4,313460.56,852
1775759104,2026-04-09 18:25:04,25522,12210,119,100,50,75,18287283.4,315455.64,851
1775763306,2026-04-09 19:35:06,25720,12287,119,100,50,75,18394119.0,317298.55,850
1775763306,2026-04-09 19:35:06,25720,12287,119,100,50,75,18394119.0,317298.55,850
1775769334,2026-04-09 21:15:34,25903,12384,119,100,50,75,18499882.0,319122.97,849
1775771490,2026-04-09 21:51:30,25988,12415,119,100,50,75,18549805.1,319984.14,849
1775774890,2026-04-09 22:48:10,26088,12455,119,100,50,75,18639424.4,321530.07,850
1775777609,2026-04-09 23:33:29,26184,12500,119,100,50,75,18704615.5,322654.62,850
1775777609,2026-04-09 23:33:29,26184,12500,119,100,50,75,18704615.5,322654.62,850
1775794139,2026-04-10 04:08:59,26280,12533,119,100,50,75,18770399.2,323789.39,850
1775800503,2026-04-10 05:55:03,26341,12547,119,100,50,75,18806841.1,324418.01,850
1775805915,2026-04-10 07:25:15,26412,12562,119,100,50,75,18847878.4,325125.9,849
1775811451,2026-04-10 08:57:31,26485,12589,119,100,50,75,18888194.7,325821.36,849
1775816302,2026-04-10 10:18:22,26566,12613,119,100,50,75,18935484.9,326637.11,848
1775816302,2026-04-10 10:18:22,26566,12613,119,100,50,75,18935484.9,326637.11,848
1775821979,2026-04-10 11:52:59,26647,12633,119,100,50,75,18990141.1,327579.93,848
1775821979,2026-04-10 11:52:59,26647,12633,119,100,50,75,18990141.1,327579.93,848
1775831357,2026-04-10 14:29:17,26781,12676,120,100,50,75,19059392.6,328774.52,847
1775834466,2026-04-10 15:21:06,26900,12722,120,100,50,75,19115164.8,329736.59,846
1775838052,2026-04-10 16:20:52,27031,12774,120,100,50,74,19173239.4,330738.38,844
1775838052,2026-04-10 16:20:52,27031,12774,120,100,50,74,19173239.4,330738.38,844
1775845114,2026-04-10 18:18:34,27246,12858,120,100,50,74,19285143.3,332668.72,843
1775848505,2026-04-10 19:15:05,27429,12926,120,100,50,74,19385265.1,334395.82,842
1775850023,2026-04-10 19:40:23,27551,12976,120,100,50,74,19452836.8,335561.43,841
1775853570,2026-04-10 20:39:30,27676,13026,120,100,50,74,19555833.3,337338.12,842
1775853570,2026-04-10 20:39:30,27676,13026,120,100,50,74,19555833.3,337338.12,842
1775858217,2026-04-10 21:56:57,27816,13087,120,100,50,74,19655313.6,339054.16,842
1775858217,2026-04-10 21:56:57,27816,13087,120,100,50,74,19655313.6,339054.16,842
1775863628,2026-04-10 23:27:08,27936,13141,120,100,50,74,19715156.1,340086.44,842
1775868130,2026-04-11 00:42:10,28061,13192,120,100,50,74,19765802.9,340960.1,840
1775868130,2026-04-11 00:42:10,28061,13192,120,100,50,74,19765802.9,340960.1,840
1775883625,2026-04-11 05:00:25,28135,13212,120,100,50,74,19801890.3,341582.61,840
1775883625,2026-04-11 05:00:25,28135,13212,120,100,50,74,19801890.3,341582.61,840
1775892229,2026-04-11 07:23:49,28211,13228,120,100,50,74,19866536.4,342697.75,840
1775893769,2026-04-11 07:49:29,28270,13242,120,100,50,74,19912738.2,343494.73,840
1775893769,2026-04-11 07:49:29,28270,13242,120,100,50,74,19912738.2,343494.73,840
1775900451,2026-04-11 09:40:51,28361,13271,120,100,50,74,19974845.2,344566.08,840
1775900451,2026-04-11 09:40:51,28361,13271,120,100,50,74,19974845.2,344566.08,840
1775904497,2026-04-11 10:48:17,28477,13300,120,100,50,74,20081979.1,346414.14,841
1775906394,2026-04-11 11:19:54,28520,13307,120,100,50,74,20139887.8,347413.06,842
1775909402,2026-04-11 12:10:02,28579,13325,120,100,50,74,20185763.5,348204.42,842
1775913632,2026-04-11 13:20:32,28681,13347,120,100,50,74,20238171.0,349108.45,841
1775913632,2026-04-11 13:20:32,28681,13347,120,100,50,74,20238171.0,349108.45,841
1775918880,2026-04-11 14:48:00,28812,13390,120,100,50,74,20326720.1,350635.92,841
1775921359,2026-04-11 15:29:19,28917,13429,120,100,50,74,20398212.5,351869.17,841
1775921359,2026-04-11 15:29:19,28917,13429,120,100,50,74,20398212.5,351869.17,841
1775925696,2026-04-11 16:41:36,29085,13497,120,100,50,74,20518118.1,353937.54,841
1775925696,2026-04-11 16:41:36,29085,13497,120,100,50,74,20518118.1,353937.54,841
1775931075,2026-04-11 18:11:15,29249,13550,120,100,50,74,20615416.8,355615.94,841
1775933786,2026-04-11 18:56:26,29360,13578,120,100,50,74,20698097.1,357042.17,841
1775936279,2026-04-11 19:37:59,29463,13614,120,100,50,74,20771440.7,358307.35,841
1775937844,2026-04-11 20:04:04,29530,13642,120,100,50,74,20823814.9,359210.81,841
1775939512,2026-04-11 20:31:52,29597,13664,120,100,50,74,20898231.5,360494.49,842
1775942618,2026-04-11 21:23:38,29683,13693,120,100,50,74,20975031.7,361819.3,843
1775943834,2026-04-11 21:43:54,29726,13705,120,100,50,74,21003578.7,362311.73,843
1775946733,2026-04-11 22:32:13,29801,13731,120,100,50,74,21085732.0,363728.88,844
1775946733,2026-04-11 22:32:13,29801,13731,120,100,50,74,21085732.0,363728.88,844
1775950705,2026-04-11 23:38:25,29881,13762,120,100,50,74,21163280.4,365066.59,845
1775963584,2026-04-12 03:13:04,29953,13773,120,100,50,74,21201362.1,365723.5,845
1775970856,2026-04-12 05:14:16,30026,13791,120,100,50,74,21268635.5,366883.96,845
1775970856,2026-04-12 05:14:16,30026,13791,120,100,50,74,21268635.5,366883.96,845
1775970856,2026-04-12 05:14:16,30026,13791,120,100,50,74,21268635.5,366883.96,845
1775983931,2026-04-12 08:52:11,30105,13813,120,100,50,75,21343493.2,368175.26,846
1775987052,2026-04-12 09:44:12,30187,13836,120,100,50,75,21424845.1,369578.58,847
1775987052,2026-04-12 09:44:12,30187,13836,120,100,50,75,21424845.1,369578.58,847
1775991361,2026-04-12 10:56:01,30287,13862,120,100,50,75,21537090.7,371514.81,848
1775991361,2026-04-12 10:56:01,30287,13862,120,100,50,75,21537090.7,371514.81,848
1775999321,2026-04-12 13:08:41,30405,13892,120,100,50,75,21605479.7,372694.52,847
1776001654,2026-04-12 13:47:34,30489,13918,120,100,50,75,21659974.4,373634.56,847
1776004626,2026-04-12 14:37:06,30577,13946,120,100,50,75,21747743.3,375148.57,848
1776007394,2026-04-12 15:23:14,30670,13982,120,100,50,75,21810432.9,376229.97,848
1776007394,2026-04-12 15:23:14,30670,13982,120,100,50,75,21810432.9,376229.97,848
1776007394,2026-04-12 15:23:14,30670,13982,120,100,50,75,21810432.9,376229.97,848
1776014767,2026-04-12 17:26:07,30855,14051,120,100,50,75,21944520.3,378542.98,848
1776017832,2026-04-12 18:17:12,30979,14096,120,100,50,75,22039382.7,380179.35,848
1776017832,2026-04-12 18:17:12,30979,14096,120,100,50,75,22039382.7,380179.35,848
1776023259,2026-04-12 19:47:39,31135,14149,120,100,50,75,22152796.3,382135.74,848
1776025534,2026-04-12 20:25:34,31264,14209,120,100,50,75,22252014.9,383847.26,849
1776027103,2026-04-12 20:51:43,31342,14241,120,100,50,75,22310175.8,384850.53,849
1776027103,2026-04-12 20:51:43,31342,14241,120,100,50,75,22310175.8,384850.53,849
1776032866,2026-04-12 22:27:46,31457,14279,120,100,50,75,22405743.8,386499.08,849
1776035092,2026-04-12 23:04:52,31540,14304,120,100,50,75,22467911.0,387571.46,849
1776037497,2026-04-12 23:44:57,31617,14330,120,100,50,75,22512687.9,388343.87,849
1776037497,2026-04-12 23:44:57,31617,14330,120,100,50,75,22512687.9,388343.87,849
1776058587,2026-04-13 05:36:27,31697,14345,120,100,50,75,22614643.1,390102.59,850
1776067227,2026-04-13 08:00:27,31797,14374,120,100,50,75,22697344.3,391529.19,850
1776074217,2026-04-13 09:56:57,31889,14404,120,100,50,75,22777781.6,392916.73,851
1776079704,2026-04-13 11:28:24,31985,14429,120,100,50,75,22869037.1,394490.89,852
1776083254,2026-04-13 12:27:34,32082,14456,120,100,50,75,22930409.7,395549.57,851
1776089502,2026-04-13 14:11:42,32213,14508,120,100,50,75,23006429.0,396860.9,851
1776095103,2026-04-13 15:45:03,32385,14558,120,100,50,75,23095680.7,398400.49,850
1776099557,2026-04-13 16:59:17,32535,14628,120,100,50,75,23186308.7,399963.83,849
1776103679,2026-04-13 18:07:59,32707,14684,120,100,50,75,23314776.0,402179.89,849
1776103679,2026-04-13 18:07:59,32707,14684,120,100,50,75,23314776.0,402179.89,849
1776112118,2026-04-13 20:28:38,32878,14750,120,100,50,75,23426185.2,404101.69,849
1776115399,2026-04-13 21:23:19,32999,14801,120,100,50,75,23553654.1,406300.53,850
1776118139,2026-04-13 22:08:59,33104,14834,120,100,50,75,23633508.2,407678.02,851
1776121957,2026-04-13 23:12:37,33233,14875,120,100,50,75,23740560.7,409524.67,851
1776124594,2026-04-13 23:56:34,33314,14895,120,100,50,75,23794740.4,410459.27,851
1776136536,2026-04-14 03:15:36,33399,14907,120,100,50,75,23838794.3,411219.2,851
1776144827,2026-04-14 05:33:47,33465,14929,120,100,50,75,23875436.6,411851.28,850
1776150213,2026-04-14 07:03:33,33551,14949,120,100,50,75,23918178.6,412588.58,850
1776155854,2026-04-14 08:37:34,33643,14969,121,100,50,75,24008004.7,414138.08,850
1776161159,2026-04-14 10:05:59,33741,14996,121,100,50,75,24099984.9,415724.74,851
1776165869,2026-04-14 11:24:29,33823,15022,121,100,50,75,24144390.0,416490.73,851
1776169870,2026-04-14 12:31:10,33931,15054,121,100,50,75,24219720.1,417790.17,851
1776176136,2026-04-14 14:15:36,34067,15103,121,100,50,75,24277628.2,418789.09,850
1776176136,2026-04-14 14:15:36,34067,15103,121,100,50,75,24277628.2,418789.09,850
1776184963,2026-04-14 16:42:43,34271,15189,121,100,50,75,24363270.8,420266.42,848
1776189738,2026-04-14 18:02:18,34424,15254,121,100,50,75,24441039.4,421607.93,847
1776195038,2026-04-14 19:30:38,34600,15322,121,100,50,74,24536212.3,423249.66,846
1776198098,2026-04-14 20:21:38,34724,15366,121,100,50,74,24624602.7,424774.4,846
1776201674,2026-04-14 21:21:14,34840,15412,121,100,50,74,24702660.7,426120.9,847
1776204924,2026-04-14 22:15:24,34915,15435,121,100,50,74,24734482.8,426669.83,846
1776207934,2026-04-14 23:05:34,35014,15461,121,100,50,74,24808286.2,427942.94,846
1776210534,2026-04-14 23:48:54,35092,15479,121,100,50,74,24845348.1,428582.25,846
1776223252,2026-04-15 03:20:52,35176,15506,121,100,50,74,24887102.4,429302.52,845
1776230640,2026-04-15 05:24:00,35242,15523,121,100,50,74,24919139.4,429855.15,845
1776230640,2026-04-15 05:24:00,35242,15523,121,100,50,74,24919139.4,429855.15,845
1776242224,2026-04-15 08:37:04,35329,15547,121,100,50,74,24974976.5,430818.34,844
1776247523,2026-04-15 10:05:23,35429,15571,121,100,50,74,25026898.3,431714.0,844
1776252195,2026-04-15 11:23:15,35534,15601,121,100,50,74,25090916.2,432818.31,843
1776255670,2026-04-15 12:21:10,35633,15624,121,100,50,74,25147085.5,433787.23,843
1776261865,2026-04-15 14:04:25,35764,15666,121,100,50,74,25209474.0,434863.43,842
1776266838,2026-04-15 15:27:18,35938,15723,121,100,50,74,25291492.7,436278.25,841
1776270810,2026-04-15 16:33:30,36100,15779,121,100,50,74,25381657.4,437833.59,841
1776274946,2026-04-15 17:42:26,36269,15843,121,100,50,74,25471864.8,439389.67,840
1776274946,2026-04-15 17:42:26,36269,15843,121,100,50,74,25471864.8,439389.67,840
1776282962,2026-04-15 19:56:02,36460,15904,121,100,50,74,25579194.9,441241.11,839
1776286343,2026-04-15 20:52:23,36570,15942,121,100,50,74,25680556.0,442989.59,840
1776286343,2026-04-15 20:52:23,36570,15942,121,100,50,74,25680556.0,442989.59,840
1776292889,2026-04-15 22:41:29,36713,15992,121,100,50,74,25824866.9,445478.95,842
1776292889,2026-04-15 22:41:29,36713,15992,121,100,50,74,25824866.9,445478.95,842
1776306564,2026-04-16 02:29:24,36812,16018,121,100,50,74,25876933.0,446377.09,841
1776314245,2026-04-16 04:37:25,36878,16037,121,100,50,74,25915735.4,447046.44,841
1776322219,2026-04-16 06:50:19,36950,16055,121,100,50,74,25957123.6,447760.38,841
1776322219,2026-04-16 06:50:19,36950,16055,121,100,50,74,25957123.6,447760.38,841
1776333899,2026-04-16 10:04:59,37044,16078,121,100,50,74,26032783.9,449065.52,841
1776338354,2026-04-16 11:19:14,37131,16091,121,100,50,74,26096591.0,450166.19,841
1776338354,2026-04-16 11:19:14,37131,16091,121,100,50,74,26096591.0,450166.19,841
1776349171,2026-04-16 14:19:31,37304,16151,121,100,50,74,26162932.4,451310.58,840
1776355005,2026-04-16 15:56:45,37513,16232,121,100,50,74,26282654.5,453375.79,839
1776360579,2026-04-16 17:29:39,37707,16305,121,100,50,74,26395508.8,455322.53,839
1776360579,2026-04-16 17:29:39,37707,16305,121,100,50,74,26395508.8,455322.53,839
1776368754,2026-04-16 19:45:54,37907,16385,121,100,50,74,26513417.2,457356.45,838
1776372142,2026-04-16 20:42:22,38048,16449,121,100,50,74,26657779.3,459846.69,840
1776375268,2026-04-16 21:34:28,38153,16490,121,100,50,74,26743155.0,461319.42,841
1776375268,2026-04-16 21:34:28,38153,16490,121,100,50,74,26743155.0,461319.42,841
1776375268,2026-04-16 21:34:28,38153,16490,121,100,50,74,26743155.0,461319.42,841
1776383646,2026-04-16 23:54:06,38306,16552,121,100,50,74,26848269.4,463132.65,841
1776395643,2026-04-17 03:14:03,38402,16577,121,100,50,74,26904840.1,464108.49,840
1776404054,2026-04-17 05:34:14,38478,16591,121,100,50,74,26957055.9,465009.21,840
1776411367,2026-04-17 07:36:07,38574,16617,121,100,50,74,27018629.0,466071.35,840
1776415653,2026-04-17 08:47:33,38657,16633,121,100,50,74,27078361.5,467101.74,840
1776420633,2026-04-17 10:10:33,38746,16654,121,100,50,74,27141944.0,468198.53,840
1776424943,2026-04-17 11:22:23,38826,16670,121,100,50,74,27209563.7,469364.97,840
1776424943,2026-04-17 11:22:23,38826,16670,121,100,50,74,27209563.7,469364.97,840
1776434243,2026-04-17 13:57:23,38958,16714,121,100,50,74,27317877.5,471233.39,841
1776437863,2026-04-17 14:57:43,39084,16763,121,100,50,74,27391256.8,472499.18,841
1776441529,2026-04-17 15:58:49,39224,16820,121,100,50,74,27463320.1,473742.27,840
1776445123,2026-04-17 16:58:43,39402,16889,121,100,50,74,27551270.6,475259.42,839
1776448644,2026-04-17 17:57:24,39589,16964,121,100,50,74,27665415.2,477228.41,839
1776452777,2026-04-17 19:06:17,39767,17027,121,100,50,74,27767792.4,478994.42,838
1776455612,2026-04-17 19:53:32,39911,17084,121,100,50,74,27852785.1,480460.54,838
1776458829,2026-04-17 20:47:09,40048,17129,121,100,50,74,27939019.9,481948.09,838
1776462207,2026-04-17 21:43:27,40158,17163,121,100,50,74,28058364.3,484006.78,839
1776465512,2026-04-17 22:38:32,40278,17202,121,100,50,74,28152653.2,485633.27,839
1776465512,2026-04-17 22:38:32,40278,17202,121,100,50,74,28152653.2,485633.27,839
1776473171,2026-04-18 00:46:11,40423,17243,121,100,50,74,28220532.5,486804.19,838
1776483376,2026-04-18 03:36:16,40509,17261,121,100,50,74,28285095.5,487917.9,838
1776489639,2026-04-18 05:20:39,40577,17273,121,100,50,74,28324252.0,488593.35,838
1776494121,2026-04-18 06:35:21,40645,17289,121,100,50,74,28365990.4,489313.34,838
1776498192,2026-04-18 07:43:12,40722,17308,121,100,50,74,28430757.2,490430.56,838
1776501225,2026-04-18 08:33:45,40792,17326,121,100,50,74,28473053.2,491160.17,838
1776505170,2026-04-18 09:39:30,40882,17343,121,100,50,74,28535226.8,492232.66,838
1776505170,2026-04-18 09:39:30,40882,17343,121,100,50,74,28535226.8,492232.66,838
1776510044,2026-04-18 11:00:44,40986,17370,121,100,50,74,28607015.8,493471.02,838
1776513059,2026-04-18 11:50:59,41031,17376,121,100,50,74,28632233.3,493906.02,837
1776517947,2026-04-18 13:12:27,41116,17393,121,100,50,74,28676997.1,494678.2,837
1776520550,2026-04-18 13:55:50,41188,17416,121,100,50,74,28725171.3,495509.2,837
1776520550,2026-04-18 13:55:50,41188,17416,121,100,50,74,28725171.3,495509.2,837
1776526424,2026-04-18 15:33:44,41332,17470,121,100,50,74,28803823.0,496865.95,836
1776528738,2026-04-18 16:12:18,41420,17501,121,100,50,74,28863435.1,497894.26,837
1776528738,2026-04-18 16:12:18,41420,17501,121,100,50,74,28863435.1,497894.26,837
1776533585,2026-04-18 17:33:05,41586,17557,121,100,50,74,28965149.4,499648.83,836
1776536824,2026-04-18 18:27:04,41719,17606,121,100,50,74,29081458.9,501655.17,837
1776539977,2026-04-18 19:19:37,41849,17646,121,100,50,74,29172233.2,503221.02,837
1776541432,2026-04-18 19:43:52,41951,17680,121,100,50,74,29242160.4,504427.27,837
1776541432,2026-04-18 19:43:52,41951,17680,121,100,50,74,29242160.4,504427.27,837
1776546212,2026-04-18 21:03:32,42065,17728,121,100,50,74,29306448.3,505536.23,837
1776546212,2026-04-18 21:03:32,42065,17728,121,100,50,74,29306448.3,505536.23,837
1776546212,2026-04-18 21:03:32,42065,17728,121,100,50,74,29306448.3,505536.23,837
1776553806,2026-04-18 23:10:06,42183,17760,121,100,50,74,29355988.5,506390.8,836
1776556205,2026-04-18 23:50:05,42244,17778,121,100,50,74,29397850.3,507112.92,836
1776569141,2026-04-19 03:25:41,42325,17793,121,100,50,74,29434067.9,507737.67,835
1776576924,2026-04-19 05:35:24,42386,17807,121,100,50,74,29466628.5,508299.34,835
1776579601,2026-04-19 06:20:01,42466,17825,122,100,50,73,29505493.7,508969.77,834
1776584810,2026-04-19 07:46:50,42540,17847,122,100,50,73,29569154.9,510067.92,835
1776588210,2026-04-19 08:43:30,42606,17859,122,100,50,74,29643905.2,511357.37,835
1776589770,2026-04-19 09:09:30,42676,17871,123,100,50,74,29725986.6,512773.27,836
1776589770,2026-04-19 09:09:30,42676,17871,123,100,50,74,29725986.6,512773.27,836
1776596822,2026-04-19 11:07:02,42781,17902,123,100,50,74,29851269.6,514934.4,838
1776599269,2026-04-19 11:47:49,42834,17915,123,100,50,74,29896451.3,515713.78,838
1776603911,2026-04-19 13:05:11,42931,17948,123,100,50,74,29983046.3,517207.55,838
1776607077,2026-04-19 13:57:57,43025,17972,123,100,50,74,30046981.1,518310.42,838
1776607077,2026-04-19 13:57:57,43025,17972,123,100,50,74,30046981.1,518310.42,838
1776612741,2026-04-19 15:32:21,43178,18032,123,100,50,74,30149928.2,520086.26,838
1776614600,2026-04-19 16:03:20,43279,18077,123,100,50,74,30203810.0,521015.72,838
1776617550,2026-04-19 16:52:30,43390,18117,123,100,50,74,30261196.7,522005.64,837
1776620116,2026-04-19 17:35:16,43538,18170,123,100,50,74,30364429.4,523786.41,837
1776623282,2026-04-19 18:28:02,43686,18222,123,100,50,74,30470063.0,525608.59,837
1776623282,2026-04-19 18:28:02,43686,18222,123,100,50,74,30470063.0,525608.59,837
1776628170,2026-04-19 19:49:30,43855,18272,123,100,50,74,30568756.3,527311.05,837
1776630586,2026-04-19 20:29:46,43984,18309,123,100,50,74,30654594.2,528791.75,837
1776633431,2026-04-19 21:17:11,44091,18345,123,100,50,74,30729336.4,530081.05,837
1776635382,2026-04-19 21:49:42,44195,18387,123,100,50,74,30833984.2,531886.23,838
1776638570,2026-04-19 22:42:50,44309,18424,123,100,50,74,30944361.9,533790.24,839
1776640519,2026-04-19 23:15:19,44395,18456,123,100,50,74,31010213.4,534926.18,839
1776640519,2026-04-19 23:15:19,44395,18456,123,100,50,74,31010213.4,534926.18,839
1776655032,2026-04-20 03:17:12,44478,18474,123,100,50,74,31054780.4,535694.96,838
1776664019,2026-04-20 05:46:59,44559,18488,123,100,50,74,31108601.8,536623.38,838
1776672412,2026-04-20 08:06:52,44662,18509,123,100,50,74,31217427.9,538500.63,839
1776679130,2026-04-20 09:58:50,44775,18537,123,100,50,74,31360013.8,540960.24,841
1776684436,2026-04-20 11:27:16,44876,18564,123,100,50,74,31446946.2,542459.82,841
1776688460,2026-04-20 12:34:20,44981,18594,123,100,50,74,31534445.5,543969.19,841
1776695832,2026-04-20 14:37:12,45123,18638,123,100,50,74,31620535.6,545454.24,841
1776700566,2026-04-20 15:56:06,45318,18711,123,100,50,74,31741194.9,547535.61,840
1776705165,2026-04-20 17:12:45,45504,18778,123,100,50,74,31850567.8,549422.3,840
1776705165,2026-04-20 17:12:45,45504,18778,123,100,50,74,31850567.8,549422.3,840
1776713619,2026-04-20 19:33:39,45694,18856,123,100,50,74,31954743.7,551219.33,839
1776716198,2026-04-20 20:16:38,45837,18901,123,100,50,74,32034709.8,552598.74,839
1776719325,2026-04-20 21:08:45,45946,18942,123,100,50,74,32110810.4,553911.48,839
1776719325,2026-04-20 21:08:45,45946,18942,123,100,50,74,32110810.4,553911.48,839
1776725944,2026-04-20 22:59:04,46077,18979,123,100,50,74,32235522.2,556062.76,840
1776728754,2026-04-20 23:45:54,46177,19013,123,100,50,74,32288201.9,556971.48,840
1776728754,2026-04-20 23:45:54,46177,19013,123,100,50,74,32288201.9,556971.48,840
1776749363,2026-04-21 05:29:23,46250,19028,123,100,50,74,32337946.7,557829.58,840
1776755560,2026-04-21 07:12:40,46359,19057,123,100,50,74,32401134.8,558919.58,839
1776761264,2026-04-21 08:47:44,46478,19078,123,100,50,74,32490192.0,560455.81,839
1776761264,2026-04-21 08:47:44,46478,19078,123,100,50,74,32490192.0,560455.81,839
1776761264,2026-04-21 08:47:44,46478,19078,123,100,50,74,32490192.0,560455.81,839
1776775111,2026-04-21 12:38:31,46583,19106,123,100,50,74,32545047.4,561402.07,839
1776781946,2026-04-21 14:32:26,46751,19154,123,100,50,74,32630966.2,562884.17,838
1776786538,2026-04-21 15:48:58,46920,19206,123,100,50,74,32713166.9,564302.13,838
1776786538,2026-04-21 15:48:58,46920,19206,123,100,50,74,32713166.9,564302.13,838
1776786538,2026-04-21 15:48:58,46920,19206,123,100,50,74,32713166.9,564302.13,838
1776799146,2026-04-21 19:19:06,47100,19262,123,100,50,74,32798681.3,565777.25,837
1776802753,2026-04-21 20:19:13,47214,19298,123,100,50,74,32883670.3,567243.31,837
